{"cameraMode":{"drawMode":0,"name":"Shaded","section":"Shading Mode"},"sceneLighting":true,"audioPlay":false,"sceneViewState":{"showFog":true,"showMaterialUpdate":false,"showSkybox":true,"showFlares":true,"showImageEffects":true,"showParticleSystems":true},"in2DMode":false,"pivot":{"x":0.0,"y":3.0199999809265138,"z":899.9600219726563},"rotation":{"x":0.12269017100334168,"y":-0.0014884736156091095,"z":0.0001841068296926096,"w":0.9924476742744446},"size":46.931732177734378,"orthographic":false}